0,1,2,3,4,Stimmenanteile CDU/CSU,Stimmenanteile SPD,Stimmenanteile Grüne,Stimmenanteile FDP,Stimmenanteile Die Linke,Stimmenanteile AfD,location,Ausländeranteil,Stadt,Uni
5.565110334004748,2.9521271845990404,-3.9220028464815897,1.258169598923928,-0.4065312446525693,27.2,24.6,15.1,10.3,11.6,7.5,1,13.3,2,109.0
6.011023380460495,3.9300141489838074,-1.1794742814705585,-1.3609593506828064,-0.37148000652849755,25.9,24.1,17.5,11.4,10.7,6.9,1,11.3,1,140.6
5.192026103083624,1.5820340272158226,-1.8325720730154749,0.45351727839062717,0.16884967976191664,28.9,25.5,12.9,10.7,9.7,8.9,1,9.7,1,49.2
5.738992944013627,0.1746254911667076,-3.570409135471535,1.3906163525619344,-0.49007531150831846,31.1,25.7,10.5,12.1,7.1,10.3,1,11.0,2,0.0
1.2752185159155949,-0.8017737855677144,-3.800052944319113,0.13548883722031158,0.7715804323966885,36.7,23.4,8.0,14.6,6.2,8.6,1,5.6,2,13.7
-0.045440672765615,-0.18637982501112807,-1.481727125644574,-0.36628065623698863,-0.3118387233127895,34.2,23.0,10.5,12.8,6.6,10.2,1,7.5,2,0.0
-1.0790656678162862,-1.0526155950521026,-2.1604486157090386,-0.4610455317184728,0.2803388245689983,38.7,22.2,12.1,12.6,6.3,5.8,1,6.8,2,0.0
-0.8110237113418894,-1.2342187637419026,-1.7712899214107278,-1.3493391484961639,-0.39559144678910113,35.6,24.8,9.7,13.3,6.0,8.5,1,5.5,2,0.0
-0.8376388846119064,0.9016997734524081,-0.5796246021716364,-0.27276023108582226,-0.40779661612040663,34.3,22.9,11.4,13.3,7.0,8.6,1,10.1,1,11.1
-2.3846033501925543,-0.6509129220534593,-2.6387604177997597,-2.403991879556683,-0.7320289156243771,34.2,23.2,13.6,12.8,6.3,7.7,1,4.7,2,0.0
-1.280118323093952,0.07502340945819981,-1.545229449664175,-1.6425980671185785,-0.4401523030654738,36.1,22.7,12.6,12.4,6.3,7.3,1,5.0,2,4.5
-0.15151958940070556,-1.7000190325303182,-2.9538603607514027,-0.5562358277122508,-0.4771346328100864,37.1,23.3,12.3,11.5,6.9,6.6,1,5.1,2,0.0
-1.5087812816703259,0.7382174828135354,-0.4225558764773668,-0.5227764850115805,-0.2138705351983336,35.2,22.2,10.5,13.5,6.8,9.0,1,8.1,2,0.0
0.7820248807955386,0.2639927449375359,-2.6648036711796417,-0.6865315456652868,0.33439267736877165,36.1,23.0,10.6,12.3,7.0,8.2,1,6.6,2,0.0
-2.652534597066533,1.302081969858551,0.532386891357251,-1.6864553125191637,-0.856007263485118,34.6,21.7,11.7,14.0,6.5,9.1,1,7.0,1,0.6
3.3747869653009523,6.064334498073728,2.3416193692993006,0.5357578359785881,1.0529839581222116,27.2,23.5,13.9,10.8,12.2,7.8,1,16.2,1,58.9
1.519468841144968,3.6815824579271728,2.482071519090678,-0.7242071978688039,-0.05052129151486581,29.0,26.4,11.8,10.0,9.3,8.4,1,9.7,1,85.1
5.232486917131099,1.476930369907807,-3.4358350879861788,0.38869316077240373,3.709978145449797,26.0,33.6,4.8,6.6,8.2,16.4,1,16.9,1,23.2
0.8294705925637159,4.476924888834841,5.186489845025561,0.3599832653013405,5.13593324660228,34.1,28.9,6.2,8.3,7.2,11.7,1,14.3,1,25.0
-1.6664755073748132,0.5264779578838259,0.005350838349735468,-1.727631242673355,0.7565735837853849,36.2,27.3,7.1,8.7,5.9,11.4,1,6.2,2,0.0
1.8423388081796082,-0.10844598353408907,-2.2486456795731526,-0.7627835173732961,0.5028676517076877,31.1,31.8,6.2,9.1,7.0,11.1,1,8.9,2,32.2
1.761097118390446,-1.548800060266313,-1.7239417926236498,0.06026936708100286,0.41515149709281146,34.8,31.2,5.8,7.9,6.3,9.9,1,6.6,2,0.0
0.49959488668206536,-0.28533189102512185,-1.4435511469513227,-0.6880123447366978,0.5178472103571489,32.5,33.3,6.8,8.8,5.7,9.5,1,5.9,2,0.0
-0.7086997790863718,-0.24619558253960874,-2.8677442875507118,-1.4748132286257973,-0.02178229516897756,31.0,33.9,7.1,7.8,6.1,10.3,1,7.2,1,0.0
-0.7185048065491104,0.5078084881033128,-1.380522743847114,-2.3589984124581718,0.09668217675745115,31.5,30.4,8.1,9.1,7.1,9.9,1,5.9,2,49.3
1.1865967348979753,1.6861002182523743,-0.19245807656618927,-1.979207285675822,-0.1930328702623107,30.5,29.1,10.9,9.0,8.3,8.1,1,8.1,1,108.7
2.3982633569958964,3.265337011804854,-0.22834290338339558,-1.1314326830699188,0.8042675957223805,29.9,27.5,10.6,10.0,8.2,9.4,1,13.1,1,42.8
-2.441692363265384,-0.401032188651416,-2.4973499451273597,-0.8432408873872395,0.010487672196479017,37.7,25.4,8.2,10.7,6.2,8.4,1,7.8,2,1.1
1.6488058527490672,0.2638206630653665,-1.8599539809037982,-0.6389596793984256,1.0861713609032488,32.6,30.3,7.6,8.6,7.3,10.5,1,9.7,2,3.4
1.2492850706370682,0.6696923387074865,-1.7433756557335158,-0.7126240143374298,0.04755660489149032,32.6,30.9,8.8,8.2,6.5,9.3,1,7.6,1,41.4
0.9900348788987443,-0.6779738292388627,-2.3626257398094257,-0.22102899992257077,1.3646887193591979,31.1,34.0,6.7,10.2,5.4,9.6,1,7.0,2,18.6
0.2543676673609804,-1.0439050403081143,-2.8654099306730694,0.7076379133354336,0.6840993383936158,37.4,27.9,8.1,8.5,5.2,9.8,1,7.7,2,0.0
0.45152437155706804,-0.5853068211828145,-2.521108707911138,-0.9921872853950137,-0.2057647464943434,33.0,30.4,8.1,8.7,5.9,10.3,1,8.2,1,0.0
1.4133084611695932,0.30159825550612207,-2.1293828218009585,-0.38371922570547196,0.4693150228908049,37.0,24.2,7.2,10.8,5.5,11.7,1,7.4,2,0.5
-1.0504841077845342,-1.3465565904703645,-3.3919803046781287,-0.9998318992678118,0.08405655456262379,38.0,27.8,7.0,8.1,6.8,8.9,1,6.2,2,0.0
-3.0757467980079545,0.25413097381297006,-0.7646693305622619,-1.1584430140798996,-1.0730603205731193,35.9,22.0,10.2,11.7,6.3,10.0,1,7.3,1,0.0
2.588922416666321,-2.538303194474939,-2.8142926738794403,0.7121181282606226,-0.25712270247632457,32.9,24.1,13.3,7.7,9.8,7.8,1,5.3,2,0.0
0.5995533312782619,0.9280873140079247,-1.696275502690778,-1.0441062975545112,-0.7061471092777116,30.9,23.3,13.5,9.6,8.9,9.2,1,6.6,2,53.2
-3.4547120095685986,-0.8538091749712342,-1.8202138056667436,-2.495225370634882,-0.6823284692230409,34.3,26.9,9.0,8.6,8.2,9.6,1,5.3,1,0.0
-2.043227529906792,-0.9892531654436968,-2.2795730857504326,-0.8238603044495795,0.2204189624818238,41.0,25.0,8.0,8.6,5.8,8.1,1,6.0,2,0.0
-0.07269177728176598,-0.8356033318885658,-2.6980905385578784,0.6964184099409094,-0.3613503268051934,37.7,28.1,7.3,8.3,5.5,9.7,1,7.7,2,0.0
-0.8140183946044098,0.4916046538591482,-1.5836831367541995,-0.5512561585132618,0.434947487793157,37.2,24.9,8.4,9.9,6.5,9.5,1,8.0,2,5.1
0.438505080234867,-1.606718467481087,-2.324740025386285,0.04255767416510483,-0.33930226746543524,35.8,27.6,8.7,8.9,6.4,9.4,1,5.5,2,16.9
-1.3974003554811936,-0.05734300181745012,-1.487304851216101,0.09755047724048105,-0.07345801346323988,35.5,26.0,9.5,9.1,6.5,9.7,1,7.2,2,2.3
5.053316828645458,1.2135459976215324,-6.532813200897793,0.25871113896028197,-0.9055930256308418,30.6,29.5,6.6,8.4,7.9,13.1,1,14.6,2,0.0
4.990322839801327,0.7352299227689614,-3.9157784911267584,2.0591494256099048,1.5756440455388505,22.5,38.2,8.5,7.1,10.0,10.0,1,9.7,2,84.2
3.459713734729231,3.7646909643703954,-0.9236559323630528,-0.8639023382774442,-1.2472423089490814,26.9,25.6,15.1,9.5,11.6,6.7,1,9.3,1,104.4
3.1192608141730394,4.272743865873434,-2.359371261116497,0.3425042543532025,-1.4656329934863044,32.0,24.0,14.1,10.0,9.9,6.2,1,12.7,1,155.8
7.760770129406893,1.3797280786366284,-4.469676349000926,0.8370598625388114,0.19146152219535031,29.9,30.0,7.2,9.0,8.7,10.6,1,8.5,1,60.2
-2.8155266937693546,-1.1869154670120792,-1.3258814833548456,-1.046805174495171,-0.4294296407763381,35.4,26.6,9.0,11.5,6.4,7.9,1,5.6,1,0.0
0.916226367279783,-1.0370485908187717,-3.5999724509386453,-0.23009211956398967,0.2988347216682955,29.4,37.7,7.2,7.2,6.5,8.9,1,5.4,2,0.0
-1.7491829661660219,-1.6798031367936452,-3.3220772718838893,1.661454579919642,0.1649123654036104,52.5,18.6,4.4,8.8,4.6,9.1,1,10.1,2,0.0
-2.3893139808236654,-0.9433408164209403,-1.5134352197445156,-0.00047946056171348857,0.19817505507590272,52.6,20.3,5.5,8.9,4.4,6.3,1,10.3,2,7.1
-1.5013130133508117,-1.1153706910353682,-1.8723650266294762,-0.8334785425454346,0.004599569842641736,33.0,30.6,7.9,10.1,6.7,8.2,1,4.3,1,0.0
-2.3660319606478737,-0.6752212169264431,-2.830866633155322,-0.36171185164543246,-0.9867486997010086,44.7,28.0,6.2,8.9,4.8,5.3,1,14.1,2,0.0
-0.25467275597784167,-1.350793222898802,-3.2066365034153375,-0.042107925511103324,-0.5256869931067865,34.2,33.5,6.7,7.1,6.2,9.2,1,7.5,2,1.9
-3.318773167642138,-1.1222801635720379,-2.2027268429306552,-0.8854452388737672,0.5159843854283066,35.3,25.0,9.0,11.6,6.6,8.9,1,8.1,2,0.0
-3.5539762045147256,-1.4842558610501146,-1.437542160498791,0.8542320293284075,-0.27917783934879653,40.8,25.7,8.4,9.4,6.1,7.0,1,7.7,2,0.0
-2.5148917613566137,-0.3074605032693949,-2.514444604964531,0.9424597897799094,0.5295086051458788,53.8,16.8,5.8,10.1,4.2,7.0,1,11.7,2,39.5
0.22106716240705768,-0.5316133350972743,-2.633295908784112,0.026792259913009157,1.688595955352219,33.0,32.3,7.6,9.2,6.4,8.3,1,7.5,2,7.0
-0.7571195867807943,-2.461756471116112,-3.339957598404918,-0.19853998789583502,-0.47104786949038296,36.2,31.6,6.2,8.8,5.6,8.6,1,4.3,2,0.0
5.1538906966809614,3.9941344007002333,-1.2976611763148735,-0.5168510606612486,1.4083645069686366,25.0,26.0,11.6,9.7,13.8,9.5,1,17.5,1,61.3
9.350337613674121,1.161999549041309,-4.978058808722897,1.697815965913051,1.4488333954315789,25.4,30.9,7.8,7.6,11.4,12.5,1,16.9,1,26.4
2.999386345088785,7.4352522774968,3.7562872241653027,0.6726622603197938,1.9748944743283765,30.4,21.2,10.0,17.6,9.2,7.9,1,19.7,1,92.2
7.0771947519794125,1.3583549444063538,-3.7465757082077693,-1.598380872034214,2.4605365454324466,24.2,32.8,5.6,9.4,8.5,13.3,1,20.2,1,47.9
6.876136186749563,3.3021555709791577,-2.1350739445812272,-1.5063234718296858,1.7251868431200372,27.3,28.3,7.6,12.6,8.2,11.4,1,15.3,1,47.2
5.257692809981322,2.3233616693470025,-2.219364212790824,0.3797074687453688,0.6686202302477531,31.9,24.9,7.8,14.6,8.1,8.3,1,15.5,1,26.7
5.718332172961683,1.7838699558816662,-4.098610348059251,0.7816382428260389,-0.07665259736163377,35.8,23.3,6.2,13.7,7.4,9.5,1,15.3,1,32.2
2.573012881168938,3.1036196874380577,-0.8746541770490226,-2.3742812815686545,0.46504433162817266,28.4,28.3,7.4,13.9,7.7,10.6,1,15.1,1,33.1
5.62808109283153,0.9658611270654877,-4.249479360403268,-1.0116779107350187,0.255738947471232,26.0,33.4,5.2,9.5,8.3,13.1,1,14.6,1,0.0
3.256687793245406,1.8449867082325846,-2.6974713637978973,0.07549391606988848,0.6935694643515627,31.8,25.9,6.3,13.4,7.3,10.6,1,17.5,1,0.0
1.994393368309229,1.4500689303356147,-2.811724507420926,0.2916613313027185,0.6369179251019462,31.4,24.8,7.5,14.4,8.1,9.7,1,16.2,1,0.0
5.09322752726297,2.6958418409614424,-3.180004327097356,-0.3273604254590789,0.9456887531590521,27.3,25.8,8.5,12.8,10.4,10.8,1,18.8,1,64.4
-0.4381968302053785,-0.5764320702842713,-3.2411201592537333,-0.8388911749932277,-0.09199908414134488,41.6,23.5,6.0,13.5,5.6,6.9,1,14.4,1,16.0
0.6105618518823642,2.586668778915137,0.8367288593709825,-0.18864176397911603,0.8382865938141583,33.4,23.7,7.2,16.0,6.6,9.5,1,11.9,1,1.0
-0.7472608600029117,1.9518500885849246,0.5066168226548589,-0.9607267661938125,0.9503753322369511,37.0,21.9,6.4,16.8,5.8,8.6,1,11.4,1,2.7
-0.07012731896247053,0.06151951321717643,-1.5016379199291765,-1.3204749280477324,-0.8551428944679176,38.1,22.3,6.7,16.0,6.0,7.5,1,9.7,1,0.0
0.6509735055150293,0.2313342511343319,-2.2757776036118016,-1.5101810156194353,-0.5740878353192898,31.4,30.0,6.1,12.0,7.2,9.6,1,9.0,1,4.9
2.324047223385175,7.412399586587923,2.3797994540786616,-1.9597589999333875,0.156322662269524,29.8,20.2,14.1,15.7,9.6,7.3,1,16.2,1,122.4
3.802734113402842,5.965277593627221,1.09352757815965,-0.315872696704089,0.8085288326262667,26.4,23.0,13.6,13.8,11.5,7.2,1,19.2,1,94.4
3.3158212436844927,3.735068501310608,-0.08448416753951402,0.4245062763293026,1.422646374486739,30.8,27.3,6.9,13.0,7.4,10.3,1,15.4,1,5.2
2.877914309781734,4.035068497023814,-0.9906598807944679,-1.4089142857457604,-0.3192680988833912,29.4,30.6,8.5,12.5,7.9,7.4,1,14.0,1,103.9
1.1719898733252787,1.0277836541940135,-3.252840624525287,-1.3891150290219896,0.09259103504390272,34.9,29.2,5.5,11.4,5.9,9.6,1,10.3,1,14.1
0.17435549819242704,1.5946679440105203,-1.015676210236692,-0.5095556868885073,0.7203566845739221,33.4,25.9,6.9,14.4,6.2,9.6,1,12.1,1,4.1
-1.120565451396021,-0.7080990960461674,-2.5722800976214493,-0.9806150735104213,-0.5244714306592463,37.5,22.4,5.9,15.0,5.8,9.9,1,7.5,1,2.5
-0.5513746883431094,-0.10901186549881461,-3.20390367658778,-0.7317097545763127,-1.0508396949390568,39.5,25.9,5.2,11.4,5.6,8.7,1,11.3,1,0.0
-1.0094241789119,0.7612979482040687,-0.82105066846587,-0.5589958208267184,0.7570426905543667,36.5,22.6,6.4,13.8,6.4,10.6,1,9.3,1,18.4
-0.8210667843975196,2.0797781052625632,-0.27460843505283233,-2.412119493477632,-1.0057456487695422,35.6,21.0,9.0,16.7,6.4,8.0,1,9.2,1,2.5
-1.3972518189501235,1.8540807347044788,-1.258216018157308,-2.2319748902098677,-0.47428620862166543,34.8,21.2,8.1,16.1,6.8,9.4,1,10.0,1,43.8
2.250393681280483,0.30130793640379866,-3.147696804899444,-2.5343706789066593,0.03426137462239372,28.1,32.5,4.8,10.4,7.2,12.5,1,10.7,1,12.6
9.854588606351433,1.0889782460353146,-5.578544359261783,-1.4085292330680745,2.220579693831585,22.4,33.5,4.6,9.2,7.4,17.0,1,19.1,1,23.7
0.8069795484487626,4.90265052120438,1.7060484006722945,-2.1333869148336255,-1.249253366234106,32.8,20.9,14.6,13.5,10.1,4.9,1,10.3,1,191.6
-2.395549648387863,-0.50086047150719,-2.090347981877194,0.2312564982825779,-0.6605836072199689,46.9,21.4,5.7,13.1,4.4,6.1,1,8.9,1,5.4
-3.355850452939764,-0.14675282407988124,-1.1764168455028496,-1.6523270180267025,-1.1061724214352695,43.9,21.1,7.4,13.6,5.4,6.2,1,6.1,1,9.3
4.06543965149896,0.2659813872505856,-3.209130761574018,-2.32908143425987,0.726079040164439,29.6,31.3,5.3,10.5,6.8,12.3,1,10.7,1,3.9
-1.7011754942567763,-0.03431845053691369,-2.004884269687631,-0.02631098820042928,-0.31072358862584415,39.8,25.9,7.1,11.9,6.1,6.5,1,8.8,1,11.5
-1.393121274617871,0.42958901953830025,-1.3964356870526848,-1.2845319483802906,0.023193306829376134,40.3,24.0,6.7,13.1,5.5,7.4,1,9.8,1,0.0
3.42577574791317,2.9663760216178603,-1.4407602506493877,0.10834892756170314,-0.20033094503704485,27.5,25.4,11.1,11.5,11.2,9.0,1,14.1,1,114.8
-2.54720067491433,0.729504653685326,-0.6536648877129736,0.18729492991505897,1.1126293082096226,38.2,22.8,7.9,13.1,6.1,8.7,1,12.4,1,0.2
-0.2291035003742248,0.07421861273773309,-1.6011522974742536,0.6981951775060163,-0.3016899513814358,31.4,29.0,6.9,11.3,7.0,10.9,1,9.0,1,0.2
-1.4109872312983276,-1.4512363974953177,-1.4395178824066428,-0.6847222332939119,-0.3897400449675726,42.4,22.1,5.4,12.7,5.6,8.9,1,5.4,2,6.8
0.625816562832942,0.3944084808640089,-1.5057484794079623,-0.8208321237076657,0.5611326648513217,31.4,27.8,7.2,12.3,6.9,10.8,1,8.3,1,18.3
-0.15464983832360765,0.7174814815285392,-1.0682584201052663,0.2630929615580638,0.7310829995492153,32.9,29.0,6.5,11.5,6.4,10.6,1,7.6,1,5.0
-0.2688345281015834,1.150070562263697,-0.5491821568190095,-0.5484029126546324,-0.22334235881086062,40.8,18.7,7.4,13.4,6.7,9.9,1,8.9,1,72.0
5.322668375867538,2.160080238972465,-1.9961213366797042,-1.803571215835474,0.2534124783743761,24.9,30.7,8.4,10.7,10.1,10.5,1,12.3,1,159.0
6.418703241639611,2.83704696249112,-2.366176574701836,-1.1409631687976904,1.6055208661086582,24.5,31.3,8.4,11.0,9.6,10.3,1,17.0,1,92.4
5.787342176179662,1.3631372961629313,-3.8246150075325556,0.3209120415222021,1.152250399911297,28.2,29.6,5.3,11.9,7.5,12.8,1,17.4,1,382.6
4.009552959803494,0.42836755387400133,-3.8824492916594253,-0.7215850275405629,0.5908356825976625,30.6,31.4,5.2,10.3,7.1,11.1,1,14.6,1,21.7
7.909593691224308,0.9778373646609037,-4.692982837561613,-0.6438549659051784,0.9327167661815383,23.6,34.5,5.3,9.2,7.8,13.9,1,16.3,1,0.0
1.0379001637668404,0.980855181051114,-1.2491061978162228,-0.5872909733342242,0.14172454355038824,28.1,29.5,7.7,13.0,7.8,9.8,1,10.0,1,7.5
-1.6663129151862548,-0.5337688592055502,-2.423695629269881,0.4532086943781579,-0.06592426863774434,41.7,22.8,4.7,14.3,5.4,8.0,1,8.5,2,19.7
0.6275464712454686,-0.23924096888069543,-2.099059288220161,1.1150821157444852,1.1418305448916872,34.0,26.1,5.0,13.4,6.5,11.3,1,12.8,1,9.0
-2.7422293743181774,-0.6945567470166948,-0.9035002968974309,0.6403236226231285,0.25567911911445357,46.9,20.2,4.0,14.1,4.4,7.7,1,9.1,1,0.0
-0.6233572208779222,0.9850678783517913,-1.0356951793355655,-0.03418177590837321,0.17412869740520315,34.0,26.4,5.5,11.9,7.8,10.7,1,10.3,1,72.4
-0.1038609008792984,0.5385589555057143,-1.5128175162865742,0.24206894570476026,0.07483745769834635,36.3,25.0,6.2,13.5,6.8,9.3,1,9.2,1,19.4
2.299244380214882,-0.08514221195600312,-2.5824661218412155,-0.6869916540910758,0.4746003636734184,28.2,32.9,6.3,11.2,6.9,10.3,1,9.5,1,0.9
1.7518059965267083,8.747642443708076,2.9443415478167716,-0.20100186014455737,0.5209449143500252,23.8,20.6,18.4,10.7,13.1,8.4,1,19.3,1,291.6
2.7310320701394075,6.989153775514049,3.251384836872567,0.8418725044867976,1.8633536035236382,26.4,20.1,14.6,14.1,11.9,8.6,1,29.0,1,96.6
5.151223744547988,4.145827284331842,-1.9276954531923116,2.5333578492288686,0.6339853184696422,27.2,23.8,10.6,9.8,11.7,12.0,1,35.0,1,6.0
2.972243086512342,5.935643485520369,1.8095570126135891,0.7663911432826059,1.4954966671757393,29.0,21.2,11.8,13.3,9.5,11.2,1,18.8,1,42.7
-2.283039734677441,1.1331457532432305,-0.2782233362635558,-1.5050452207952143,0.3456568757501659,33.2,22.3,8.8,11.8,6.6,12.9,1,12.9,1,0.0
-2.0364183524562414,1.4161023810205404,-0.5229307253577737,-1.2600978340820097,0.35746856773697,30.7,23.8,10.6,11.0,8.0,11.1,1,14.0,1,12.0
-0.25935281353459094,3.4275621920021666,0.1453554941465351,0.17619954307417338,2.5590722721918824,30.5,25.4,9.0,9.6,8.2,12.2,1,21.5,1,13.4
-2.3334623630835805,5.770723637570859,3.905529817530284,-2.685342850517462,0.7896191529827292,34.0,17.5,10.7,17.7,6.3,10.2,1,15.8,1,2.4
-1.3789827911618249,1.0693828827591008,-0.5563497854510147,-0.13000607968191846,0.5990275442210317,30.9,23.3,7.9,11.0,7.1,14.7,1,15.1,1,0.0
-2.2211556633264533,5.898108185317991,4.100944038717321,-1.5001316274886882,1.7958865111285025,34.5,18.6,10.6,15.7,6.2,10.6,1,15.9,1,0.0
-1.1034347137899552,-0.8374626185723194,-2.111614573625839,-0.2663336566167589,0.3007943760767138,31.2,26.9,7.3,9.4,7.7,13.1,1,13.2,1,0.0
-1.45212879367828,3.7096101117399263,1.5634614536591211,-0.488212122114254,1.7378076035964034,33.0,20.3,9.8,13.2,7.4,11.9,1,18.6,1,2.5
-2.2622355576804405,1.983890789758279,0.3864387387980615,-3.183454033877141,-0.3123345426764844,33.4,20.7,9.8,13.8,6.6,11.6,1,11.8,1,27.4
-1.5687063704337374,2.0702953826476964,-0.09871274249300765,-1.2550572666796267,0.17977754375188615,31.5,23.1,9.0,12.3,6.7,12.3,1,12.3,1,18.9
0.9851783600248575,2.3878660770397633,-0.9544464725208857,-1.7770470388376058,-0.44145964148764333,29.4,23.7,10.2,10.6,8.7,12.1,1,11.6,1,150.1
-0.5091937932407907,0.019685803133415843,-1.5903445135327101,-0.09252946631900959,0.920032122875777,33.9,24.6,6.8,9.6,6.6,13.9,1,10.5,1,5.6
-0.9662867332654991,0.19573512193547424,-1.1194739445740998,-1.145083153304814,0.4705670094740319,35.3,22.8,7.0,11.5,6.3,12.7,1,11.2,1,0.0
-1.1362227328643706,0.9934596889023571,-0.6246108565776094,-1.0048999779485395,0.21318703561220131,30.1,26.4,9.3,8.7,10.2,11.5,1,11.1,2,104.7
-2.6926207111939413,-1.6191176818031343,-1.2202449307505285,-0.8573498466230487,0.26165561079726174,32.1,26.3,6.7,9.7,6.7,14.1,1,6.9,2,0.0
5.064795419993372,3.9341209669004686,-1.3389914687956956,0.38335104840089673,-0.3397753827447216,23.6,25.5,13.7,8.9,13.6,9.9,1,17.5,1,151.9
-2.765820709877671,0.12375730622678692,0.5060453419681465,-0.32030844707360506,-0.37721723423772335,40.9,16.2,6.7,10.9,5.6,16.2,1,8.5,2,40.0
-0.7903932093613607,-1.6581726880526872,-0.4871003898818666,1.1332147488088906,0.6878378297850666,30.0,31.7,5.1,8.8,6.1,14.7,1,9.0,2,11.7
-2.638763933327831,-1.50904079772167,-0.7828195408536532,-0.2784725954214925,1.2467479809291728,27.8,33.5,7.3,9.0,7.4,11.3,1,6.9,1,0.0
-1.2974685110007893,-1.7590865800631097,-0.5695724041363723,0.032048817867195926,0.5898270039162725,28.1,32.6,6.6,9.0,6.4,12.9,1,7.0,2,1.1
-1.6884907625878225,-1.2410812038664378,-0.8534947753894558,0.46484632068432696,0.8654420050378258,33.1,26.6,6.8,10.9,6.7,12.4,1,8.1,2,0.0
0.35873626348686555,-1.428419290165715,-1.9680838860057963,-0.23391952688709938,0.3808999803374078,28.7,33.6,7.0,8.0,7.4,11.2,1,7.0,2,13.3
2.2820923093466363,3.799352168044592,-0.7971163452971969,0.04178961921904178,-1.1334987186366756,35.9,22.7,9.9,11.4,8.1,8.4,1,12.7,1,133.8
-2.503678886803122,0.4961469132239276,-1.6040636341183856,-3.17432447872412,-1.1022380383184125,41.8,20.4,7.2,13.0,5.7,8.8,1,9.1,2,22.6
-1.8160372647372383,-1.731995919087373,-2.4008200817778103,-0.2979367950012332,-0.3448976776166867,38.8,25.5,5.3,10.0,6.3,10.9,1,7.2,1,0.0
0.2472424672706772,0.04822666635399962,-1.4458866999898674,-0.23878568934598207,0.11760631184014074,34.3,26.8,6.9,10.1,6.6,11.6,1,9.8,2,0.0
0.23295330281878715,-1.1726695988491433,-2.3064293997238727,-0.20213611473900447,0.471236993285387,33.9,28.7,5.0,9.4,7.4,12.0,1,7.7,2,28.9
-3.715112221367761,-1.511675791104548,-2.546035627287264,-0.9286894419520169,-0.3642597795734331,46.9,20.9,4.9,11.0,4.9,8.5,1,7.0,2,0.0
-1.8174004944151851,-0.7826707097975418,-1.3453344993136285,-0.7771949282880322,-0.2141392400360357,40.2,24.2,6.4,10.4,5.7,10.1,1,7.6,1,10.8
-0.4264626021370702,-0.047068289470475665,-1.4163072617089913,-0.08685550357903656,0.28604176958766897,37.7,25.3,6.5,10.2,6.3,10.6,1,9.1,1,0.0
-2.9593859651547363,-1.4612853687594574,-1.2566662189720537,-0.3454706915020786,0.49471530503144917,38.7,24.2,6.0,11.0,6.6,9.8,1,7.4,2,14.2
-2.0511056461541304,-1.006048739155232,-1.6313052804368753,-0.27030823984427477,-1.0368877777116963,33.3,28.1,6.7,10.2,6.4,10.9,1,8.3,1,0.0
-2.970698769781436,-0.9809827738591934,-1.5626458203740203,0.04560019144486736,0.07833505829963583,39.5,23.5,5.9,11.0,5.8,10.8,1,8.5,1,2.7
2.4404425851514335,2.9344440521466244,-1.4704764911907764,-0.4647004217292486,-2.8202030105719604,32.5,23.8,12.2,9.5,10.9,7.8,1,13.1,1,164.9
-2.6096147129450475,-1.9865202016669303,-1.7153414215691971,-0.464613721298054,-0.38638679116657604,42.4,21.9,6.1,11.1,6.3,8.4,1,9.4,2,0.8
-3.1367197305785037,-1.706846784767211,-2.220418727769032,-2.5355450839486178,-0.5002024090309153,43.9,23.2,6.4,10.1,5.5,7.4,1,12.1,2,0.0
-1.6184529740412443,-1.2981682298188935,-1.8602138560272234,-0.7208457171730888,-0.420202825408338,45.8,20.7,5.6,10.4,6.3,8.2,1,7.1,2,0.0
-3.2069218417096756,-1.6890435076890575,-2.8237051445160652,-2.6732982463195674,-1.4542083602539662,40.5,25.2,6.9,9.1,7.1,8.1,1,10.1,2,0.0
1.4929144010589959,1.7842356814054592,-0.5346968108473285,0.22772310511413585,-0.3138046023965815,32.5,23.0,6.8,9.9,7.6,16.5,1,16.3,1,0.0
5.393787240182368,2.7549838818661647,-2.4947953042160576,0.6155520848252015,-0.9926026560153997,28.1,25.0,8.7,10.3,9.5,13.7,1,15.5,1,174.2
0.30571724858352606,2.959183262510514,-1.5376083040945716,-1.144257946084781,-2.4619431800822014,30.4,21.1,14.3,10.0,9.3,10.0,1,9.9,1,180.7
4.931216113560197,4.200765133511381,-0.089595004636522,2.4509724688909085,3.322753203080302,27.6,27.2,7.2,9.1,7.4,16.3,1,25.0,1,26.6
1.4119503604443253,6.099101359581799,2.275220317039261,-2.2707497680375712,-0.41695891281419734,30.7,21.4,15.2,11.1,9.8,7.3,1,17.9,1,174.1
0.5204322676602376,1.3710021516711608,-0.9581315909024903,-0.9619686865653805,-2.448196140437993,35.5,20.1,10.0,10.9,5.8,12.0,1,10.6,1,0.0
8.736699212864874,0.8965081488299123,-5.4545026537213674,2.4163118538331876,-0.2271001517860857,31.2,26.2,4.0,9.5,8.0,16.1,1,11.2,2,19.9
1.1338741390780585,2.44914372860927,-0.9510536058191063,0.06934852233468636,-2.08780414716826,32.0,21.6,10.8,10.0,8.1,13.5,1,14.9,1,6.7
2.7531602738919325,1.0895613892243152,-3.511172669430764,1.6346995433348872,0.035918312265515895,30.6,25.7,7.7,9.6,7.1,15.0,1,16.5,1,44.2
2.3337829839464796,0.2550088575480143,-2.292907374554265,0.6239045189559804,0.13638672987248646,30.2,26.3,6.0,9.1,9.4,14.5,1,9.7,2,79.1
-2.8164567914480547,-0.19108758426619876,-1.7570340898974226,-1.6778049306988765,-0.11643528393461133,32.2,26.3,7.3,10.4,6.1,13.8,1,9.1,1,0.0
-2.6843180148499264,-0.5080592984645759,-1.3182753251623593,-1.7579733937869912,-0.6815969558760413,34.8,23.5,7.9,11.7,5.6,12.4,1,8.3,1,0.0
-1.3054607857781055,-0.5332292231980238,-1.6988421921688395,-0.1725179281758761,0.7887082676691934,30.0,28.4,6.3,9.2,6.8,13.7,1,7.4,2,0.0
-2.537233964817365,-0.2372285825473582,-1.3683127969549582,0.7214242093147981,1.5440499910055518,34.6,21.8,6.8,10.4,5.9,16.3,1,11.9,1,11.7
-1.2380548878371018,-1.4689179315213432,-2.031949656105653,-1.4923964670280083,-0.1428018623162905,33.5,25.9,5.6,8.5,7.2,14.0,1,8.0,1,0.0
-0.47643061754805077,-3.169816247175751,-2.727362186335339,-1.4652011967705336,-0.1939299937939135,28.1,32.4,5.0,7.5,8.0,14.0,1,6.0,2,0.0
-2.7026700039654377,-0.3365443560160159,-0.4955670372484347,-1.2385828253436124,0.0463631846903789,36.8,22.3,8.4,10.3,5.9,12.2,1,7.2,1,5.5
-4.259984731567566,-0.5811715113318886,-0.990165432687269,-2.344841351736148,-0.106667095110165,35.5,21.8,7.9,11.2,5.5,13.8,1,9.9,1,0.0
-2.4924168833922242,2.8659149401417032,1.6162627998567114,-1.987338387316037,0.7257307449460015,35.4,23.1,10.0,11.5,6.6,9.8,1,9.6,1,12.9
-3.91001859764956,-2.8987464103927634,-1.899270634558779,-1.6947790765973638,0.5444779665345386,38.7,24.0,4.3,9.2,6.3,12.9,1,4.0,2,0.0
0.49224946788195856,7.9810240267808235,5.404003587359226,1.2204884690069264,1.3183946109657558,29.0,15.7,17.6,15.2,9.2,8.8,1,24.6,1,99.1
-3.6623183898198857,4.648403001262814,3.4154346870688985,0.9754629741118416,2.5344517001967763,35.4,15.4,12.7,15.2,5.3,11.7,1,18.0,1,0.0
-3.2929192563093115,3.042153504825947,1.5494844510822237,-0.19105419174415667,0.6087609228913886,33.5,15.9,14.4,14.4,5.8,11.7,1,16.9,1,15.4
-2.534030869270631,0.966814731261014,-0.18573891144008306,0.9999312884356644,0.02744233650387655,33.3,17.6,12.3,12.6,5.1,14.7,1,15.9,1,4.6
-3.0097612399655684,2.701232887843903,2.438506275911774,0.5565310382863972,1.0662505987378734,33.1,16.6,13.8,14.4,5.8,11.9,1,17.5,1,18.4
-3.0673529689717096,1.6654708255844555,0.29449886279159304,0.07606778374500024,0.04801215477225426,32.9,16.0,12.0,15.5,5.6,13.7,1,15.6,1,0.0
-0.5908471553245855,2.8255470008666945,-0.7565891468499458,2.294192330383425,-0.7160155578905105,29.0,18.5,11.2,13.4,6.9,16.4,1,24.6,1,66.1
-3.601242956859585,1.3558141979146483,1.4937620661122155,0.6709467755764034,2.47802901106027,33.2,16.9,10.7,13.8,5.1,15.7,1,13.9,1,0.0
-4.177738300098686,0.3182337423071726,1.3490092041527502,1.414427707655183,1.748492177850054,36.0,15.5,10.8,13.4,5.2,14.8,1,10.4,2,13.3
-3.7603975962079894,-0.4497620252656134,0.1854185452766884,1.2358874639057658,-0.017996053072316023,33.3,16.6,12.8,12.4,5.9,14.5,1,10.6,2,5.4
-3.1680180351483385,-0.7176636610848629,-0.06633736870049815,0.5737994879608952,0.08389326358406544,39.8,16.0,9.0,11.2,5.7,13.6,1,8.7,2,4.2
-1.1995607071902825,0.9765200923973735,0.03700276798322061,1.566532134504355,0.19321635581923458,34.0,20.6,11.6,10.0,6.0,13.3,1,14.6,1,18.0
-3.419490196953853,0.6121613667554907,0.8810272090347,0.915319764666759,-0.1382964372999272,39.3,16.9,10.9,11.2,5.6,12.3,1,10.5,1,30.0
-1.1723605766932015,3.3466764943334026,0.6422511530476837,0.6747386209501385,-2.247853454221467,37.3,15.8,13.2,13.8,6.1,10.7,1,18.8,1,1.3
0.3651269676523273,4.73758345067274,2.708178673866676,0.6171705812607106,-0.9656254298240877,27.8,16.8,18.3,12.0,9.6,10.4,1,18.5,1,133.6
-3.88195291100271,1.3979716975641479,1.0529272121668858,-0.3851807004688828,0.5037646271246018,35.7,16.7,11.5,12.5,5.4,13.6,1,12.8,1,0.0
-3.4656541759651525,0.15446939747354255,0.3506514031789251,1.474307178034237,1.141809298647505,38.0,17.3,11.0,11.0,5.2,13.2,1,13.3,1,0.0
0.17642516809882722,5.863898708832585,3.5923500928606096,-2.676119305974274,-2.4826613835196656,26.7,17.4,21.9,12.1,10.4,7.8,1,20.6,1,218.7
2.278913863391909,3.9903692691076538,0.7445139949177413,1.6045587344825663,0.6115804071404687,27.1,21.2,13.2,11.2,9.1,12.8,1,23.3,1,92.1
-2.7163029270380203,-1.2081155352399737,-1.1343938246779206,0.7640717952440922,-0.16691329790878542,39.8,17.7,7.9,10.6,5.4,14.1,1,9.5,2,21.9
-2.3107594332352037,2.942815419604073,2.05619555534531,-0.6935231602827205,0.813763869733758,33.0,18.9,11.8,12.5,6.4,12.8,1,12.3,1,1.2
1.7539415825529694,2.6798928248753646,-2.16441343509629,3.2468114283497296,-0.6616754654978593,30.2,16.7,9.4,13.0,6.6,19.3,1,25.3,1,49.0
-3.899549029682239,-0.577385241675735,-0.5410100448586925,0.32821151992667297,-0.05894421715575176,37.7,14.3,10.3,13.0,5.3,15.2,1,14.6,1,1.3
-4.510919298879605,-0.0857258454668285,0.3205753595593741,-0.17141483679936206,1.0352124370735796,33.9,16.1,11.4,13.9,4.8,14.9,1,12.8,1,0.0
-3.9712776691333294,-0.5264744065268272,-0.5568337334061344,1.1047941821400353,0.8995678076028676,36.4,14.6,9.4,16.0,4.9,14.7,1,11.3,2,8.2
1.438471938575918,5.01045509708524,1.7861241530715435,-1.223416387482456,-2.0167238878482356,24.5,17.7,23.3,8.8,13.4,7.2,1,17.1,1,142.6
-4.5861357906585365,0.44544418150761134,-0.044357431991977184,-1.3635307625844932,-1.0136687244859237,36.3,16.6,16.2,11.0,6.2,9.3,1,11.6,1,0.0
-4.463992005186376,0.0859542576423875,-0.43202296402091434,-0.7819792597771191,-0.1721287364447249,35.2,18.4,14.9,10.5,6.2,10.0,1,10.0,1,0.0
-3.545800897785329,-0.3315813913627719,-0.41531808605702775,0.9382055319037129,-0.21327737902795987,37.3,16.8,13.2,11.0,5.3,12.0,1,11.0,1,13.2
-4.49563222404504,0.5535845987605796,-0.8412171674195084,1.038594222254062,0.5870161141788728,38.2,14.6,10.1,13.6,4.5,13.8,1,11.0,1,0.0
-3.285571503366452,0.13806736650900572,-0.4586438426533934,1.8685963657388844,-0.26244965832762973,37.4,15.4,12.2,12.3,5.5,12.8,1,14.7,1,46.8
-4.186495966959278,0.8995000148651858,-0.565170362816316,1.937365117465832,0.869003282804202,37.8,14.6,10.3,13.5,5.1,14.1,1,15.7,1,7.6
-2.7583882771037533,1.5386492955694369,-0.5258367931082105,-0.0017522230941073656,-1.4236973146627725,33.2,15.6,16.0,13.2,7.2,10.3,1,14.6,1,57.1
-3.125794123342881,0.5394269259057818,-0.6042762853701849,0.07219927381640974,-0.8751583797532846,34.2,18.3,15.0,10.9,6.1,10.9,1,14.6,1,9.1
-3.8840724297610323,-0.4003226970179569,-2.1030943354283487,-0.8789033915484261,-0.5448310000518106,40.1,16.6,12.7,10.8,5.1,10.5,1,15.0,2,0.0
-2.8560963656361094,2.154415126175939,0.2624858373667111,-0.21547389713295292,0.028849902248680247,34.5,14.9,13.9,13.7,6.1,12.9,1,15.3,1,20.2
-2.572393557127733,3.7146271692437103,1.9251209346443519,-2.7354514452884118,-1.4717691535676856,30.1,15.7,19.5,11.5,10.3,8.8,1,13.3,1,125.7
-3.9830917534490036,-0.8027036272170621,-0.4503917659360912,1.627444807489986,-0.02174597814239635,35.4,15.2,10.9,14.1,5.4,14.6,1,12.1,1,22.0
-1.0750834760453039,5.109959834394242,1.8288775209387818,1.6633623368084816,-1.0909616943528353,30.9,17.5,17.0,11.8,7.6,10.2,1,19.3,1,116.2
-4.842087794801948,-0.7534041747606979,-0.5582921629271649,0.44113037437989666,-0.048398367971222565,40.5,14.9,11.8,11.4,4.5,12.5,1,12.6,2,0.0
-4.450649892730227,0.945871433937528,0.8030914356566223,0.28184067226073906,1.3978531900568525,43.0,12.8,11.2,11.1,4.6,12.6,1,10.0,2,32.3
-4.057512466131966,3.1595719301578167,2.684541830156591,0.7874940673160523,1.0933917325665128,36.8,14.3,14.8,13.4,6.2,10.3,1,12.9,1,10.6
-4.0397449264443805,1.046520758403123,0.16073249288989253,-0.23822628925830944,-0.2659069980571403,39.4,13.3,14.7,11.3,6.0,10.4,1,10.7,1,33.9
-3.830777924962766,-0.8265811319630026,-0.8224498466624205,0.7911146699165169,-0.5661059335627583,40.5,13.0,12.3,12.0,5.0,12.9,1,10.3,2,11.7
-1.7881351755568553,5.266696139255137,4.144822841276187,3.43198138203093,2.6816991083026247,36.8,14.3,8.7,10.9,6.9,15.3,1,17.6,1,47.3
-0.49113482897574245,9.412303962921374,7.994075485693767,2.2674149738480716,1.190742280881465,30.0,16.2,17.2,14.2,8.3,8.4,1,25.5,1,73.1
0.26316476880803874,3.2154930422996126,0.9558841602484796,2.771474723215152,-3.106606003849361,35.5,13.6,11.4,11.0,6.3,14.7,1,20.5,1,86.2
-3.036491113718361,-0.17475561705341452,0.704106109416089,1.4116719376551456,0.7444524907968202,44.5,13.4,6.8,8.4,5.9,13.6,1,10.8,1,1.6
-3.130282784661047,-0.6193081489235729,0.026726160374665006,0.15246957792782453,-1.7891495238759196,45.1,11.5,8.3,9.1,5.2,13.1,1,15.7,2,0.0
-4.977577811812064,1.2748247483200377,0.6949450120731839,0.0322962684404295,-1.7997427086525604,41.2,11.0,10.5,11.7,5.4,11.9,1,12.2,2,5.0
-5.324936712711001,1.4391396715301616,1.535542251140818,0.1340965474939596,-0.6217168006204988,42.0,13.1,9.6,10.6,4.7,12.3,1,15.4,1,0.0
-5.25755679399549,2.2279272347127708,1.9747402765017656,-1.2644518916242213,-0.28508905983590865,38.4,12.8,12.4,13.2,5.3,10.3,1,12.9,1,0.0
-5.780683622963578,0.9129773208808245,1.4017912027808028,-1.2404059414238797,1.0026982281999113,44.4,13.2,6.6,8.4,4.5,14.7,1,8.9,2,31.5
-5.730931510072554,-0.27635724261203193,1.0488300889879938,0.3444176967227543,-1.2848843891510984,39.8,11.7,9.3,10.7,5.0,13.5,1,11.1,2,0.0
-3.947515422569588,1.7945683714003102,3.145375025718159,1.0690224294781072,1.0992666159921285,36.8,12.3,12.1,11.0,5.8,12.3,1,16.8,1,49.4
-4.397761251049736,2.934545128738936,2.192950493474919,-0.6773276630866241,-1.393983587362951,37.8,14.6,12.1,12.4,5.4,10.9,1,14.3,1,1.5
-3.198613892197111,0.4687023597905518,0.11857411627985867,-0.08234670866708207,-2.2864262777805573,45.7,9.3,8.8,11.3,4.7,12.6,1,12.7,2,0.0
-4.503532919130118,1.7754543751693432,0.6328833339667673,-1.5740276772566166,-0.07035866433590396,39.8,12.2,12.4,11.4,5.7,10.9,1,8.3,2,0.0
-4.538891439270806,1.563887047190694,2.406779159143989,0.26626558858323224,-0.6672994999184108,42.0,10.9,10.1,13.3,4.3,11.4,1,12.1,2,0.0
-2.948863574541,-0.53181753507209,-1.6647072756803192,0.9216070536984456,0.25829570765927856,43.6,11.3,6.9,9.4,4.7,15.5,1,11.5,2,2.4
-3.9319569651373936,8.391027419217107,7.832241560198307,-0.31372997234097216,2.6842248597450373,37.3,14.0,12.6,15.3,5.1,9.4,1,17.1,1,55.5
-4.653068674912565,-0.6126627373466811,-0.28399046172762366,0.48564454046184286,0.589462453263941,44.9,12.1,6.2,9.0,4.4,15.1,1,10.0,2,0.0
-4.892240359448768,0.5871428920562206,1.9288261358097762,-0.14392567683766777,2.323135192286558,42.1,12.7,7.3,9.8,4.5,15.2,1,10.8,2,0.0
-4.807535207296103,0.21606617447111476,0.6684896261584016,0.014601077513945024,-0.9220266766872516,41.5,10.9,9.7,10.9,4.9,13.7,1,10.0,1,0.9
-5.197114522765735,5.959299851674534,5.104677516511726,-0.9858065049479986,-0.4447256438346039,37.4,12.0,14.1,17.1,5.2,8.8,1,13.9,1,13.1
-4.136453474339562,0.598267254822493,0.38219082423443546,0.12650675880387555,-0.3508723256965075,44.4,12.1,9.7,9.2,5.4,11.4,1,9.7,2,0.0
-4.130572666488076,0.9260522001127116,1.0212600231355413,-0.31023896559438463,-0.43355988625238856,41.1,13.0,10.0,9.9,5.8,11.7,1,9.2,2,0.0
-0.7190865737226247,2.6785189184978964,0.10013044934837433,3.0481886864838192,-2.3648441051126934,35.1,13.7,10.7,12.8,6.4,13.0,1,17.5,2,69.2
0.43573116420634617,2.6345150296564146,-1.0265870035851827,1.6379681078984039,-2.7107047316003023,36.3,15.6,10.9,11.0,7.8,12.7,1,14.1,2,246.1
1.4714530066007327,1.366448934485759,-2.0224690845464486,3.744681481756851,-2.033370013912065,38.7,14.6,6.4,9.5,6.1,17.2,1,15.4,2,10.4
-2.6609166327608356,-1.651800104866504,0.06601799696673469,2.0274233321056876,-0.4871440394662058,40.8,13.4,5.0,7.9,5.2,18.4,1,8.4,2,54.1
-3.6583502673323154,-2.9199681966529973,-0.915730042417461,0.7526000033644507,-1.2260851919291933,40.5,15.1,4.1,7.1,4.7,20.1,1,4.5,2,0.0
-4.008126310043574,-0.5191258261505457,-1.3086835468444835,-0.26986251263362093,0.8624416501458312,41.9,14.5,6.2,8.3,4.5,14.9,1,11.7,2,0.0
-5.158057343861452,-0.8032577797067628,0.08204498162182852,-0.0470707774542515,1.5165886191188258,39.4,11.7,6.5,10.3,4.4,15.1,1,9.3,2,0.0
-3.4764562734605096,-2.4563553237369327,-1.096212094524654,0.5558644395907196,-0.005431967960491077,41.5,15.0,5.2,8.5,5.0,17.2,1,7.3,2,0.0
-2.3694851653031703,-2.9658113811787734,-2.1250233714248834,0.47832126014574483,0.2777056300000016,40.5,15.4,3.9,6.9,4.5,20.7,1,5.9,2,0.0
-3.4390053877133866,-1.7448913132930255,-1.5018825092554453,0.10588685439642449,0.03094354939643348,44.0,12.5,5.5,9.2,4.5,15.3,1,9.5,2,0.0
-4.9708312023356225,-2.2778196990556445,-0.7978101976608173,0.2949390001576488,0.3457745974871247,44.1,12.0,4.3,8.3,3.6,17.1,1,6.9,2,0.0
-4.866160020056631,-1.5507437265070856,-0.7288448130484412,1.8105389672055865,2.543522875311139,41.0,13.3,4.8,9.0,4.5,18.3,1,11.5,2,0.0
2.6672320591295837,1.6653085206311784,-0.008740541699113567,4.308754376542863,-2.177569256326331,36.0,17.6,7.9,8.7,7.6,14.9,1,10.5,2,39.3
-0.2507556772045579,5.598041907890471,2.930514290269969,2.813131072569964,-1.2355912499842623,33.2,14.9,14.6,10.1,9.4,10.8,1,15.8,1,213.5
1.8796071972375266,0.9056759826610686,-2.568043648297393,2.833670088305066,-3.0893580644607215,37.3,20.2,6.5,8.2,6.7,14.6,1,10.8,2,33.7
-3.9922497124192855,-1.8566411682617368,-0.7924072977062581,1.1502745131706493,0.6019936262204612,41.0,18.2,6.1,7.1,5.2,13.0,1,5.4,2,4.5
-3.648995704487972,-2.7902142209996272,-0.5839711852973923,1.0925251923581045,0.2533833313105841,42.7,13.4,4.3,7.0,4.1,18.0,1,5.4,2,0.0
-4.793929957331617,-0.5607482460166656,0.14711916577427758,-0.6062077285159146,0.7000360306724924,45.8,12.8,7.7,7.8,4.7,12.0,1,8.2,2,0.0
-2.76190039309993,-2.505811003834011,-0.14167347723125648,1.2097655755871621,0.97766734549156,42.6,19.6,4.6,6.1,4.5,13.9,1,4.5,2,0.0
-4.9185887435271916,-0.674243853498249,0.28631175658651914,-0.17558493368685404,0.5733131814126622,41.0,14.2,7.4,8.2,4.8,14.4,1,8.1,2,0.0
-3.281013388397975,-1.9215304415563486,-0.8704325075358648,1.095094213638113,0.02059705758930056,40.4,18.6,4.7,6.2,5.0,16.8,1,7.5,2,0.0
-2.7334205830675042,-2.6923528764051983,-0.06848272140339848,1.9044028738093002,0.35522413927059016,46.5,17.7,4.7,6.3,4.3,12.3,1,4.1,2,0.0
0.6968884102824435,3.4128639325576158,-0.6016002108740197,0.9093404415713533,-3.511257442652942,31.2,16.5,14.5,10.7,9.0,11.4,1,14.2,2,168.2
1.4676745725383367,2.7322657275709856,-0.0927286929903176,1.0908495450266806,-2.309071609933857,36.0,18.5,11.1,11.8,7.3,9.6,1,11.1,2,175.5
1.3745601348375154,0.5519555517135367,1.339617805113226,3.341241066434191,-0.33053233778335644,33.2,21.2,10.6,10.5,8.1,10.7,1,10.6,2,129.9
5.01924703499305,1.100605792449052,-2.254113977453008,2.079924512633681,-0.6248900974541713,36.4,20.0,7.0,9.3,7.1,13.9,1,16.4,2,107.5
-5.196540580813176,-3.3783476989208316,-0.44271122992197515,1.194115507635916,1.0968771604813092,42.7,15.1,6.2,8.6,4.9,15.5,1,4.7,2,0.0
-4.0247180556827615,-3.924580858092746,0.22421490583480502,0.7389441598392276,0.15381343242340195,45.0,19.1,6.0,7.6,4.6,10.9,1,3.6,2,0.0
-2.962989608173084,-3.209287494916032,0.636120830190565,2.0031721604246004,0.6171914594160646,39.1,22.2,6.9,8.4,5.4,12.0,1,5.3,2,0.0
-3.9501043882182167,-0.44594636162149465,1.3903092881529353,0.11687036844292309,0.3197176338779913,42.4,15.4,8.8,8.8,5.6,11.8,1,6.5,2,0.0
-2.0020671920310065,-3.2615680350903293,0.7914222707115027,0.7707927782366583,0.6681848314601406,41.2,21.9,5.1,7.6,5.1,12.4,1,5.5,2,3.5
-2.7529436411903534,-3.027198127077098,0.9675245928141335,1.9478958540702471,-0.17186905278086093,43.7,23.4,4.4,6.7,4.6,11.8,1,4.7,2,0.0
-1.4694093055710813,-1.9024962449423999,0.6737129523127477,1.2139973134437232,-0.3595585042806132,42.3,20.3,6.3,7.6,5.0,11.4,1,4.5,2,0.0
-2.1045985007420347,-2.5097149932308764,0.0895783468706737,2.9206075455751344,-0.08621572163315037,45.1,17.6,5.5,7.1,4.5,13.2,1,5.3,2,0.0
0.3512518652458973,-1.623977677900761,-1.1029630245690931,1.5271364539892225,0.7969327571520072,36.8,23.8,5.3,7.3,5.8,13.8,1,8.1,2,0.0
-0.04534294720260221,1.4613274569983123,-0.41046634574943536,3.498939412016174,-1.9227859834626884,32.4,18.6,10.2,7.9,10.1,13.2,1,12.9,2,69.7
-0.7368982619150053,8.14707884076307,5.233428242119963,0.21937276940182504,1.0995286675805538,31.7,17.8,16.2,10.6,9.3,8.0,1,17.2,1,261.5
1.3994041663562533,1.9340109150431302,0.709269397822306,2.9582719898678587,0.6651315666406351,28.7,20.9,11.9,9.1,10.8,11.9,1,18.7,1,1.2
2.7165464137142106,4.232269057089721,1.7106932348314345,3.4317257839061948,0.7679860350148381,28.9,19.5,12.4,9.6,10.6,12.0,1,21.9,1,50.5
-1.7156394495584717,0.4352505437495062,0.07339815956649375,0.5018623718897934,-0.04294917587994115,33.7,19.3,11.2,9.9,7.2,11.9,1,12.1,2,0.0
-4.370114906973549,-2.536316463076168,-0.6276886131741254,1.2988177844609246,0.09463224999021977,40.9,16.4,8.5,7.7,6.5,11.7,1,8.1,2,12.7
-4.254811222045262,0.07491843970503569,2.257849492108729,-2.012422614198683,0.12644823400056082,38.4,17.1,11.5,9.8,6.2,10.5,1,8.2,1,0.0
-4.359150294644871,-1.3601225395423246,1.4953961694802436,-0.3960067944063941,-0.4063769531737261,35.9,18.8,10.4,9.3,6.8,12.1,1,6.5,1,0.0
-4.144692874365546,-0.09541980233838386,0.8332821362132838,-0.6566487142203064,0.28528523113535453,35.7,19.3,10.3,9.0,6.8,11.4,1,8.6,1,0.0
-4.51306935235109,-2.1263167560885243,-1.1669036634826515,-0.09586621582457971,0.33444722890169226,41.2,16.6,8.9,8.1,6.0,10.9,1,7.5,2,0.0
-4.2493614867474045,-2.0522704348173053,0.32137499021917526,0.3429147402273603,-0.22011223259756704,40.6,17.3,9.1,8.2,5.6,11.7,1,6.9,2,0.0
-3.8316208565264542,-1.4228911334999288,-1.016611529268812,1.1459721926470454,-0.42433227872965273,42.5,17.8,8.8,6.9,5.4,11.3,1,8.8,2,0.0
1.033549404279178,2.5113424499720707,-0.8566442495474749,2.7521471851113914,-1.3861047440623342,33.3,17.7,11.3,11.7,8.1,12.0,1,15.9,1,47.1
3.41646009263393,1.9881546562277652,-0.44768641269916093,3.8679578659215714,-0.31318600113214234,31.7,20.0,7.1,9.0,10.8,15.6,1,17.7,2,51.6
0.40425015709825557,3.855030035026941,1.990586709598881,0.7671431948671161,-2.9002921045638024,31.7,16.8,16.6,11.4,9.3,8.0,1,11.2,1,274.5
-4.409023230182522,-0.4665435344054623,0.5344464291054511,-0.039478812133545975,0.7951452155101076,40.0,17.5,8.7,10.6,5.4,11.5,1,9.1,1,0.0
-2.586860661583024,-2.1346753232292546,-0.22837935529447886,0.5691096775941428,-0.5489606559739251,45.2,15.2,7.0,9.2,5.8,11.4,1,5.3,2,0.0
-3.075837028119127,-2.239145454774341,1.3002682251787456,0.5561677341372627,0.6024750392516968,46.7,14.2,7.0,9.3,6.1,10.4,1,4.6,2,0.0
-3.414999957777128,-1.6063757106963723,-0.7406850955158153,0.3872978932733378,-0.43924606838103236,42.0,18.0,6.0,8.1,5.9,12.9,1,4.5,2,0.0
-3.8910773451269582,-0.26518322877723094,-0.3214513999072136,-0.37921039024464126,0.011944505565849988,41.4,16.7,8.4,9.3,5.4,10.9,1,8.6,2,0.0
-3.8888274246325785,-0.7028912426175595,-0.5884179135966124,0.5644926387088243,0.20713774925950473,40.7,17.8,7.8,9.7,5.8,11.3,1,10.8,1,0.0
-4.530577694319201,-1.5669058284820168,1.1047603444585836,-0.10769650703178203,0.5070981439582821,42.9,19.2,7.5,8.0,5.2,10.4,1,6.6,2,0.0
-4.576837288233383,-2.8752880966929744,-0.436399850918221,0.7797561321939053,0.770963867909537,44.2,15.9,7.1,8.6,6.3,12.0,1,5.5,2,0.0
-4.890095186987667,-0.638261036105782,1.2474002464942622,-0.8717456709822448,0.5922420765455044,41.1,18.3,10.5,9.6,5.6,9.1,1,6.0,1,0.0
1.1598511876953996,3.913760730808051,0.8682158907791654,3.294594261969913,-1.2429463811681307,31.2,16.1,12.8,9.9,9.3,13.6,1,21.0,1,90.9
0.36395646562468725,0.9286994690102646,-0.8107178616521783,3.463505603111269,-2.3607850985804215,36.3,13.8,9.8,11.2,8.2,14.0,1,14.7,2,9.5
-1.4487438468915457,1.503208016316307,-0.4439322848249438,3.354433323553619,-1.776181965590511,34.0,14.3,11.3,11.7,7.5,13.4,1,15.9,2,87.6
-2.248112651194451,0.7827481948810582,0.09899676570928097,3.959320218666514,-1.4689350645822297,35.4,16.0,8.9,11.0,6.2,15.3,1,17.8,2,0.0
-5.5152757344301495,-1.196669862676893,0.13263258433365532,-0.8945206742253908,-0.7995942823242431,43.2,11.7,8.3,10.4,4.4,14.3,1,8.0,2,0.0
-4.7298099210335875,-1.0313090946739307,-0.035883559073462884,0.3491264457110469,-0.41054020638959826,40.6,13.1,8.8,10.3,5.3,13.8,1,9.2,1,0.0
-4.971774970090643,-1.2745666370321265,-1.115570582548316,0.7359793496673682,-0.010932182443426721,40.2,13.4,6.7,10.0,4.6,16.6,1,8.9,2,0.0
-4.1510114425816615,-0.828137113414182,-0.06233057422773546,1.1400468743078698,0.1877545728451943,41.5,12.8,7.0,9.7,4.8,16.0,1,12.4,2,0.0
-3.9801643472675012,0.12219620173351495,0.6656124877008213,1.5572275119185048,-0.0840856359050724,37.5,15.3,9.6,10.9,5.7,14.2,1,14.1,1,22.4
-4.373229536929941,0.9652873891682902,1.0806013922233695,0.9718798329698173,-0.5984905694726592,40.7,13.3,12.9,10.4,7.0,9.0,1,12.9,1,0.0
-5.096648129471886,-1.0797466794124724,-0.1830559377150517,-0.3533492454760385,0.09659621205379362,45.1,11.4,8.7,10.1,5.1,11.5,1,8.4,2,0.0
-6.060283876772521,-0.7155437155192554,0.2172334469556319,-0.24010442703349513,1.012379502981467,43.0,10.7,7.3,10.4,4.4,15.3,1,8.8,2,0.0
-5.392813683744834,-1.167095011835235,1.4455479316949797,1.1999763614613141,0.43437127666579345,44.6,14.9,7.1,8.6,4.7,13.2,1,9.2,2,0.0
-5.0881444434380905,-1.075878029453299,0.12764582607249345,0.38303719765241967,-1.0841597133887462,44.7,11.3,10.5,10.7,4.6,10.3,1,8.4,2,0.0
5.950628402629938,2.1166685549273145,-3.096829030690149,0.485073685846278,0.44702091495225016,29.1,26.8,7.4,8.0,14.4,10.0,1,13.9,1,95.0
-0.31923710823710877,-1.2557161498516045,-2.168301531653525,-2.1908879376736223,-0.07605039529990446,34.8,26.9,5.3,7.9,12.4,9.3,1,11.1,1,0.0
3.285052255895414,-0.3476862593962866,-3.915711053782467,0.10245840782789482,0.6286951596363041,30.4,30.3,4.7,6.7,13.3,10.9,1,9.2,1,0.0
0.26216044706042907,-0.8613496866694514,-2.544420969094602,-0.3872185416618547,0.15890890832171928,33.7,26.7,5.4,7.5,12.9,10.1,1,9.8,1,0.0
0.3525421864300521,0.19663426810916737,-0.8828502955378209,-1.1375916533203043,0.13608167984846073,32.8,25.8,6.4,8.4,11.6,11.3,1,8.8,1,0.0
-2.0828629339117573,-1.2753136126061766,-2.2055091149272332,-2.244430623315323,0.36501920548269756,39.7,27.3,4.7,6.4,10.1,8.3,1,5.1,1,0.0
6.717359882940599,4.493194518275231,2.4195108056060683,-1.6391115879238995,0.6796151460198653,22.7,17.9,12.6,8.9,18.8,12.0,0,17.6,1,52.0
8.342753872730887,-2.2709062226751766,0.9152166818203996,1.5159279876543286,-1.1782544533393848,28.0,20.6,4.6,6.1,17.3,17.3,0,4.8,2,36.7
6.890702404650096,-0.40797298113804265,2.492648378307698,-1.8007309893502326,-2.003140728324859,22.9,15.4,3.8,8.1,18.5,24.3,0,8.1,2,61.5
7.93640112322591,-0.07022615231463862,2.1924051488692924,-0.20545366800300593,-2.726519932245313,23.2,15.8,4.8,6.1,21.6,21.9,0,9.8,2,113.5
2.7461090723147055,3.3377989611955283,4.789735678826431,-2.205470302164532,-2.1249320928001922,21.6,18.3,10.9,8.2,21.2,12.8,0,8.0,1,143.6
2.3168088150851425,-3.277616187925525,2.6200869989872073,-1.7648648325923193,-0.3284994709948557,25.4,15.3,5.0,6.2,20.6,20.6,0,3.8,2,11.9
-0.2150829205327187,-2.535726867594209,3.668540508153024,-1.4890298107021123,-0.10898979816768456,26.7,17.3,4.7,7.1,16.2,21.4,0,4.4,2,25.3
4.4809461949738525,-6.157405654473746,3.0000018107098416,-0.398404731303113,0.061305294340452246,29.6,15.5,2.5,6.5,14.8,24.2,0,2.8,2,0.0
1.870181620648118,-2.9092173600564792,1.4602584336287177,-0.8102039893121604,-0.5726381699108762,28.8,19.3,6.2,7.4,14.7,18.0,0,4.0,2,0.5
2.815447565504742,-4.14735029685642,2.6828063212798825,-0.8497232373555509,-0.9609503693291808,25.3,15.8,4.5,6.6,20.2,20.8,0,2.8,2,0.0
1.7672003630642859,-1.9180856006644929,2.350975536793815,-1.1877656247018025,0.04279896150613698,28.0,18.6,5.6,7.3,14.9,19.3,0,3.6,2,3.0
5.297957584300364,-4.106206351029172,2.902781130048075,-0.058673378339206335,0.049346651587052794,25.8,16.0,2.7,6.9,16.3,25.9,0,3.2,2,12.4
2.919703128702174,-3.7083838727613547,3.126261306759383,-1.169315667761481,-0.38504651869502926,24.9,16.6,4.1,6.9,18.2,22.1,0,3.9,2,0.0
5.166725450762401,-3.9968895044515986,1.6501271985211696,-0.25569655759564913,-0.33983457658563254,29.8,20.4,4.0,5.3,16.8,18.5,0,3.5,2,2.7
-0.03590083961154657,-2.033532587407679,3.892437410462701,-2.532897833442319,-1.3674080362897467,29.0,19.3,7.3,9.2,14.4,15.4,0,4.0,2,0.0
5.973764591642196,-4.334992456717452,1.0672038902439087,0.6843070272439655,0.11596788126508532,30.4,21.8,3.0,5.8,16.4,18.3,0,4.2,2,0.0
3.31926515803047,-4.424765418767725,3.1506057511497745,-0.968278583768899,1.3058367780968267,25.1,15.0,2.6,7.3,14.9,28.9,0,3.2,2,0.0
1.6529894284823183,-2.7285079004197303,2.761744602280276,0.7473671810870176,1.3040051526710892,27.1,18.5,4.7,7.7,15.7,20.0,0,4.8,2,0.0
8.864677757285063,-4.178978032448086,0.988483828907621,-0.1378546776313641,1.2337706119441623,30.1,17.8,3.3,5.1,17.8,20.8,0,4.0,2,0.0
5.952862633217413,0.938553818568603,2.9604506124511394,-0.2827162001337599,-1.3706692957387565,28.4,16.4,7.0,6.4,22.1,14.7,0,5.9,1,71.8
7.787679398245758,0.6173435820150478,1.5634938573210608,-0.19025652412535782,-2.0583291135628357,30.1,18.6,5.3,6.6,19.1,15.6,0,8.8,2,7.7
7.351602227256006,-4.08307577809808,1.9156990655812594,-0.4853656128844296,-0.0402299461095926,34.5,13.7,3.2,5.6,18.9,19.6,0,3.1,2,8.3
2.74544158056989,-4.442799183205546,2.6649938457162783,-1.0265505885113093,0.030801841105614482,36.0,14.8,3.9,6.5,16.1,18.2,0,3.0,2,2.5
5.1883079929893,-4.256102229632802,2.1541365650730855,0.11358705053945031,-0.6485215998571708,33.9,12.2,4.0,6.5,18.0,20.5,0,3.9,2,9.6
2.809536526161027,-3.62482957539292,2.239252367273406,-0.23419371035908676,-0.41985033103911684,32.7,18.9,4.5,6.2,16.3,17.0,0,3.4,2,53.5
6.589664391043821,-3.7058054168733987,2.167834481836756,-1.134042599591713,-0.24667665698072513,32.6,11.8,4.1,6.3,16.3,22.7,0,4.1,2,43.2
1.849209770047219,-4.665414413284407,1.8214074549390018,-0.35117809517841747,0.16317111442566598,34.5,17.9,3.1,6.1,16.1,17.7,0,4.6,2,0.0
4.344350516781735,-0.20096302871200786,3.670727999983767,-0.30904635490968435,-0.3988125731195476,24.9,11.9,4.7,8.4,19.2,24.3,0,7.4,1,42.5
1.202869189310233,-5.079912013642767,4.156350842595007,0.2989431592227227,-0.5395142287058995,31.0,9.6,2.3,7.3,14.3,28.9,0,1.9,1,0.5
1.807442043494168,-4.6280475301257935,4.3796132909607115,-0.5168597832090406,0.2065691310407821,28.3,10.0,2.8,7.9,14.6,30.4,0,3.1,2,36.3
2.1169496658110765,-4.198592484254164,3.27305985987834,0.393273709787235,-0.6310270753534106,30.2,11.4,3.0,7.2,16.0,26.4,0,3.3,2,0.0
1.757196318334399,-3.7389857955942816,3.496843753593829,0.8140725351660217,-0.18714702205832157,30.3,10.8,3.0,7.7,16.4,26.0,0,3.1,1,12.5
2.779641430394611,2.603732232909482,5.896936987615981,-1.5158841031016406,-1.0060702839218587,23.5,10.2,8.7,9.9,17.6,22.5,0,7.0,1,71.1
1.8179889014836508,-4.50975065188862,4.48153527322905,-1.0038621350139527,-0.4048817293753351,26.9,9.1,2.6,8.0,14.0,32.5,0,2.0,2,0.4
4.858066922888176,-4.530368902255237,3.4400478109515285,-0.8968668886751541,0.2109373976201297,26.7,9.3,2.9,7.0,14.0,32.9,0,4.2,2,14.0
1.7738319483458178,-3.958509237334529,4.879378458317143,-0.5907391792775242,-0.537670812271429,26.1,8.7,3.7,8.7,13.3,32.9,0,2.9,2,3.2
1.699220030973189,-4.434147057541816,4.524339647314318,-0.010565097169473545,-0.5214190664981706,25.6,7.8,3.0,8.3,12.8,35.5,0,2.6,2,2.9
4.691079855152463,2.622342231324257,3.0091842449381407,-0.8028106652896583,-0.39904315430790666,22.7,13.0,8.8,8.5,21.0,18.3,0,9.0,1,67.2
1.9644758132345475,-4.082323423467973,4.126393118812295,-0.9045867752927632,0.37399563925138385,30.1,11.4,3.2,8.1,14.7,26.9,0,2.3,2,0.0
4.101141104473172,-4.9468401508136886,3.4021214685377394,-0.07071469570132513,0.11736561491817131,29.4,12.5,2.6,7.9,14.7,26.9,0,3.7,2,0.0
6.687535123521067,-2.035840777573374,3.4225877211974516,-0.6970279677525392,-0.8035234544649253,29.4,14.3,4.7,8.1,18.1,20.1,0,5.5,2,15.1
7.433650174878194,1.0580723525118643,1.8601732552823123,-1.64081356201343,-0.2206480364017686,25.7,14.4,7.6,8.8,19.9,17.1,0,9.1,1,88.9
6.750890381300855,0.4278895087591037,2.0952752225789197,-0.7806118687122602,-0.5340836777348583,26.6,16.9,6.0,8.1,19.2,15.7,0,8.6,1,75.0
3.017123636178882,-5.152055218239401,1.3744514956801523,-0.01380425813292592,0.704056312815675,34.0,17.4,3.5,6.7,18.6,15.6,0,3.6,2,0.0
5.387185077303297,-4.737750012237955,2.3454918449622197,0.214087847480201,1.6217357023795222,30.9,13.6,2.4,7.3,17.5,22.4,0,3.5,2,14.9
1.8583293487940278,-5.111728675671461,2.369713816906728,-0.20225865296377957,1.4275231408409408,32.5,16.4,2.8,7.6,16.2,18.8,0,3.1,2,0.0
4.339974666623984,-4.845024302176779,2.0921498421266937,-0.6544005741039866,0.8165312344563045,30.1,13.2,2.6,7.8,16.4,24.3,0,5.1,2,0.0
3.4801258765057907,-4.440441041045271,1.9095338729347775,0.31397711037701304,-0.24421995640003857,34.0,16.3,3.6,7.0,17.5,16.5,0,3.0,2,14.1
4.273755565136962,-5.8831265001114454,2.2320967610924645,-0.24587668799703236,1.1500093951880233,31.4,16.0,3.0,8.0,17.2,19.0,0,3.4,2,1.6
7.211346671894161,-5.664436898336145,1.2913495004266917,-0.33566973564024727,0.9741249738879424,28.6,15.1,2.1,7.3,18.0,23.9,0,2.9,2,0.0
3.842277916452665,-4.296063110334357,2.9354559674787293,-0.9817940614203184,2.1094216142607864,29.6,13.1,2.7,9.1,16.1,24.0,0,3.5,2,15.3
6.251526014060622,-4.534718381867269,1.3046278837081395,-0.21349093197643232,1.7042178644926411,31.1,15.7,2.5,7.3,17.9,20.4,0,3.1,2,20.4
7.207262930240657,-4.130409048135269,1.2907291644146803,-0.34819834610616107,0.4990843947735248,31.9,16.8,3.2,7.5,18.5,17.7,0,3.7,2,16.3
4.418271678917613,-5.337159704687642,2.8219451912334046,-0.07762441974322802,0.5923234603028389,33.4,14.2,2.8,6.8,16.8,19.9,0,3.2,2,0.0
3.958169350018417,-0.10777958131345164,3.0999613090104523,0.6183938354030633,-1.3257878515526986,25.2,14.4,7.0,8.6,19.6,18.5,0,7.4,1,46.2
8.124016958328566,-2.488249973512337,2.482940597516357,0.23170427774555413,-0.8649513309157351,22.6,10.5,3.0,8.3,20.7,28.5,0,5.8,1,19.3
2.629434077731299,4.467342045834176,6.485993615644947,-3.358207299234229,-1.9186810997583101,23.0,13.5,10.2,9.5,22.8,14.4,0,8.9,1,196.5
2.808672656975978,-1.628811390271587,3.163213528218711,1.9975870794689934,-3.2503666718797755,25.7,13.2,3.7,7.6,23.3,19.9,0,7.0,2,0.0
4.376281143762093,1.296522512249571,4.1329145573881725,-1.660881566780266,-2.351659093071084,25.7,13.8,9.9,8.5,19.3,16.1,0,8.2,1,70.9
4.411656201819107,-2.8196738344303176,0.6994694946503559,2.597997392333049,-0.33593101251739144,25.3,15.0,4.8,7.6,18.1,19.0,0,7.9,2,13.1
-0.333680975764335,-5.2551305593250675,2.965534722659235,-0.2542056912149109,-0.8875350344441566,43.9,11.3,3.3,8.5,9.2,18.2,0,3.3,2,0.0
4.3186911124083975,-3.464107488647479,1.8927339509810115,0.9885029006046352,-0.9550727676087977,28.0,16.5,3.5,7.1,17.5,21.1,0,4.2,2,28.5
-0.1360970237775368,-5.400850242048257,3.6822217708134968,0.6660911413612846,0.8552964939993493,31.1,14.3,3.3,6.6,15.4,22.5,0,2.8,2,0.0
4.488845793720505,-4.793654014941062,1.8976961549777658,0.9955521338011881,-0.12019325622130668,30.6,14.4,3.2,7.8,14.9,23.2,0,3.5,2,0.0
5.7930613047480195,-5.396284629394655,1.7895836313344498,0.9692656209744223,0.31369468393853933,26.0,14.6,2.4,7.2,18.6,25.0,0,2.8,2,0.0
0.9325637779568559,-4.703939958413164,2.7512384857859407,0.9939119505591634,-0.5198531982530452,32.0,14.0,3.6,6.8,15.9,21.6,0,3.2,2,20.8
1.2834302795609387,-4.054436217136189,1.8576070078568914,0.9534191130647496,0.035066967266881424,28.7,14.5,3.4,7.6,15.5,23.2,0,5.4,2,3.1
1.9386499307514165,-5.626548842539664,2.404424308160092,1.5801475734274513,0.5449464068484798,29.8,11.9,2.9,7.7,16.3,24.2,0,2.6,2,0.0
-0.19577401004910905,-5.551667863967356,3.4022879947555906,1.4218024444869242,0.2690596763186733,30.1,13.1,2.9,6.3,16.1,25.2,0,2.9,2,0.0
2.371356981001926,-2.99758167028292,3.0232599518616503,0.3862846575930341,0.28646643260600985,26.8,13.4,4.1,7.8,15.9,25.0,0,5.3,2,53.4
0.2651425152927022,-4.25282002310729,2.9764983498980886,0.5897582537828254,-0.2286191632773294,31.3,11.6,3.6,8.5,14.4,23.7,0,3.5,1,0.0
-0.27992889283911565,-4.8115563994754815,1.7778931498217225,1.249073995848155,0.1950859848559543,29.7,13.3,2.8,6.6,16.1,25.6,0,4.1,2,0.0
2.0087908133551666,-4.647345955207631,3.313088405422105,0.40232308228179736,0.18840499428217783,26.4,12.2,3.1,7.6,16.3,27.0,0,2.7,2,0.0
0.6364349983520686,-4.8280382220536735,4.66777379365098,-0.07522473363166679,-0.7441685354550333,30.0,11.7,3.3,8.6,16.9,23.5,0,2.9,2,0.0
0.7834855501668841,-5.799700253313495,2.9411080831225833,0.4487350683869297,0.469824734064298,28.5,12.2,2.7,7.2,16.5,26.5,0,3.3,2,0.0
1.0932707319424273,-5.157814049417983,3.790352628955989,-0.5845406885106497,-0.5030036600294785,30.2,11.3,2.8,8.6,15.7,25.6,0,2.3,1,0.0
4.297055135358487,-4.441767200804349,1.860868296798269,-0.389299497190225,0.23445120406196512,28.9,12.3,2.3,7.6,16.1,27.5,0,3.2,2,0.0
